Model,Accuracy,Prediction,Probability,Training Fit,Testing Fit,Fitting GAP
KNN,0.95,1,[  0. 100.],0.909375,0.95,-0.04062499999999991
RandomForest,0.925,1,[ 6. 94.],0.996875,0.925,0.07187499999999991
LogisticRegression,0.9125,1,[41.67348487 58.32651513],0.825,0.9125,-0.08750000000000002
SVM,0.95,1,[ 5.08346656 94.91653344],0.896875,0.95,-0.05312499999999998
