Model,Accuracy,Prediction,Probability,Training Fit,Testing Fit,Fitting GAP
KNN,0.95,1,[16.66666667 83.33333333],0.903125,0.95,-0.046875
RandomForest,0.95,1,[13.58041844 86.41958156],0.925,0.95,-0.02499999999999991
LogisticRegression,0.925,1,[36.90092976 63.09907024],0.828125,0.925,-0.09687500000000004
SVM,0.95,1,[25.79691385 74.20308615],0.896875,0.95,-0.05312499999999998
