Model,Accuracy,Prediction,Probability,Training Fit,Testing Fit,Fitting GAP
KNN,0.95,1,[16.66666667 83.33333333],0.903125,0.95,-0.046875
RandomForest,0.95,1,[28.57873482 71.42126518],0.934375,0.95,-0.015625
LogisticRegression,0.925,0,[86.61860425 13.38139575],0.828125,0.925,-0.09687500000000004
SVM,0.95,1,[10.58227027 89.41772973],0.896875,0.95,-0.05312499999999998
