Model,Accuracy,Prediction,Probability,Training Fit,Testing Fit,Fitting GAP
KNN,0.95,0,[50. 50.],0.903125,0.95,-0.046875
RandomForest,0.95,0,[54.78916782 45.21083218],0.934375,0.95,-0.015625
LogisticRegression,0.925,1,[36.03201224 63.96798776],0.828125,0.925,-0.09687500000000004
SVM,0.95,0,[68.23786811 31.76213189],0.896875,0.95,-0.05312499999999998
