Model,Accuracy,Prediction,Probability,Training Fit,Testing Fit,Fitting GAP
KNN,0.95,1,[  0. 100.],0.903125,0.95,-0.046875
RandomForest,0.95,1,[10.47586062 89.52413938],0.925,0.95,-0.02499999999999991
LogisticRegression,0.925,1,[  0. 100.],0.828125,0.925,-0.09687500000000004
