Model,Accuracy,Prediction,Probability,Training Fit,Testing Fit,Fitting GAP
KNN,0.95,1,[  0. 100.],0.903125,0.95,-0.046875
RandomForest,0.95,1,[14.67909618 85.32090382],0.925,0.95,-0.02499999999999991
LogisticRegression,0.925,1,[ 0.6672957 99.3327043],0.828125,0.925,-0.09687500000000004
SVM,0.95,1,[32.83771413 67.16228587],0.896875,0.95,-0.05312499999999998
