Model,Accuracy,Prediction,Probability,Training Fit,Testing Fit,Fitting GAP
KNN,0.95,0,[100.   0.],0.903125,0.95,-0.046875
RandomForest,0.95,0,[99.01967123  0.98032877],0.925,0.95,-0.02499999999999991
LogisticRegression,0.925,0,[88.07074222 11.92925778],0.828125,0.925,-0.09687500000000004
SVM,0.95,0,[98.27520509  1.72479491],0.896875,0.95,-0.05312499999999998
