Model,Accuracy,Prediction,Probability,Training Fit,Testing Fit,Fitting GAP
KNN,0.95,1,[  0. 100.],0.903125,0.95,-0.046875
RandomForest,0.95,1,[28.76127136 71.23872864],0.93125,0.95,-0.018749999999999933
LogisticRegression,0.925,1,[  0. 100.],0.828125,0.925,-0.09687500000000004
SVM,0.95,1,[37.63480199 62.36519801],0.896875,0.95,-0.05312499999999998
