Model,Accuracy,Prediction,Probability,Training Fit,Testing Fit,Fitting GAP
KNN,0.95,1,[  0. 100.],0.903125,0.95,-0.046875
RandomForest,0.95,1,[21.55982825 78.44017175],0.915625,0.95,-0.03437499999999993
LogisticRegression,0.925,1,[48.41856991 51.58143009],0.828125,0.925,-0.09687500000000004
SVM,0.95,1,[ 4.07098688 95.92901312],0.896875,0.95,-0.05312499999999998
