Model,Accuracy,Prediction,Probability,Training Fit,Testing Fit,Fitting GAP
KNN,0.95,0,[100.   0.],0.909375,0.95,-0.04062499999999991
RandomForest,0.9375,0,[99.  1.],0.99375,0.9375,0.05625000000000002
LogisticRegression,0.925,0,[98.10781283  1.89218717],0.828125,0.925,-0.09687500000000004
SVM,0.95,1,[54.79862679 45.20137321],0.896875,0.95,-0.05312499999999998
