Model,Accuracy,Prediction,Probability,Training Fit,Testing Fit,Fitting GAP
KNN,0.95,0,[83.33333333 16.66666667],0.903125,0.95,-0.046875
RandomForest,0.95,0,[58.93321872 41.06678128],0.921875,0.95,-0.028124999999999956
LogisticRegression,0.925,0,[88.11520292 11.88479708],0.828125,0.925,-0.09687500000000004
SVM,0.95,0,[89.91285326 10.08714674],0.896875,0.95,-0.05312499999999998
