Model,Accuracy,Prediction,Probability,Training Fit,Testing Fit,Fitting GAP
KNN,0.95,0,[83.33333333 16.66666667],0.903125,0.95,-0.046875
RandomForest,0.95,0,[51.53650792 48.46349208],0.921875,0.95,-0.028124999999999956
LogisticRegression,0.925,0,[88.04285379 11.95714621],0.828125,0.925,-0.09687500000000004
SVM,0.95,0,[89.68841879 10.31158121],0.896875,0.95,-0.05312499999999998
