Model,Accuracy,Prediction,Probability,Training Fit,Testing Fit,Fitting GAP
KNN,0.95,0,[100.   0.],0.909375,0.95,-0.04062499999999991
RandomForest,0.9375,0,[9.99642857e+01 3.57142857e-02],0.99375,0.9375,0.05625000000000002
LogisticRegression,0.9125,0,[99.78398063  0.21601937],0.825,0.9125,-0.08750000000000002
SVM,0.95,0,[83.57302506 16.42697494],0.896875,0.95,-0.05312499999999998
