Model,Accuracy,Prediction,Probability,Training Fit,Testing Fit,Fitting GAP
KNN,0.95,1,[16.66666667 83.33333333],0.903125,0.95,-0.046875
RandomForest,0.95,1,[25.0604622 74.9395378],0.921875,0.95,-0.028124999999999956
LogisticRegression,0.925,1,[ 0.5754313 99.4245687],0.828125,0.925,-0.09687500000000004
SVM,0.95,1,[40.00895794 59.99104206],0.896875,0.95,-0.05312499999999998
