Model,Accuracy,Prediction,Probability,Training Fit,Testing Fit,Fitting GAP
KNN,0.95,1,[  0. 100.],0.903125,0.95,-0.046875
RandomForest,0.95,1,[17.25234376 82.74765624],0.925,0.95,-0.02499999999999991
LogisticRegression,0.925,1,[ 0.34371934 99.65628066],0.828125,0.925,-0.09687500000000004
SVM,0.95,1,[34.35609264 65.64390736],0.896875,0.95,-0.05312499999999998
