Model,Accuracy,Prediction,Probability,Training Fit,Testing Fit,Fitting GAP
KNN,0.95,1,[  0. 100.],0.903125,0.95,-0.046875
RandomForest,0.95,1,[ 9.23224718 90.76775282],0.934375,0.95,-0.015625
LogisticRegression,0.925,1,[1.74891096e-03 9.99982511e+01],0.828125,0.925,-0.09687500000000004
SVM,0.95,1,[35.5207711 64.4792289],0.896875,0.95,-0.05312499999999998
