Model,Accuracy,Prediction,Probability,Training Fit,Testing Fit,Fitting GAP
KNN,0.95,1,[16.66666667 83.33333333],0.903125,0.95,-0.046875
RandomForest,0.95,1,[ 8.53008769 91.46991231],0.91875,0.95,-0.03125
LogisticRegression,0.925,1,[1.3864887e-08 1.0000000e+02],0.828125,0.925,-0.09687500000000004
SVM,0.95,1,[37.63480199 62.36519801],0.896875,0.95,-0.05312499999999998
