Model,Accuracy,Prediction,Probability,Training Fit,Testing Fit,Fitting GAP
KNN,0.95,1,[16.66666667 83.33333333],0.903125,0.95,-0.046875
RandomForest,0.9375,1,[25.5 74.5],0.990625,0.9375,0.05312499999999998
LogisticRegression,0.925,0,[85.00299303 14.99700697],0.828125,0.925,-0.09687500000000004
SVM,0.95,1,[10.92702518 89.07297482],0.896875,0.95,-0.05312499999999998
