Model,Accuracy,Prediction,Probability,Training Fit,Testing Fit,Fitting GAP
KNN,0.95,1,[16.66666667 83.33333333],0.903125,0.95,-0.046875
RandomForest,0.95,1,[24.16718172 75.83281828],0.925,0.95,-0.02499999999999991
LogisticRegression,0.925,1,[ 0.11596885 99.88403115],0.828125,0.925,-0.09687500000000004
SVM,0.95,1,[39.22814557 60.77185443],0.896875,0.95,-0.05312499999999998
